TITLES,PRICE,SCRAPY_DATETIME
Caixa Amplificada Connect Lights Cm-400 Preta Mondial Bivolt Cor Preto 110V/220V,400,2024-04-10 17:37:41
"Monitor Gamer Ultrawide 25,7'' Ips Full Hd 26wq500-b LG","25,7",2024-04-10 17:37:41
Caixa Amplificada Connect Power Plus CM-550 Preto Mondial Bivolt,550,2024-04-10 17:37:41
Fritadeira Elétrica Airfry Family 4 Litros 1500w Wap 127v,4,2024-04-10 17:37:41
Chuteira Futsal Masculina Max 1000 Locker Ecoknit Penalty,1000,2024-04-10 17:37:41
Kit 12 Cuecas Masculinas Boxer Polo Wear,12,2024-04-10 17:37:41
Fritadeira Elétrica Wap Air Fryer Family 1500W 4 Litros 220V Preto Cinza e Champagne,1500,2024-04-10 17:37:41
Tênis De Basquete Masculino Jet 21 Under Armour,21,2024-04-10 17:37:41
Kit Com 10 Cuecas Slip Go Tagless Masculina Zorba,10,2024-04-10 17:37:41
Microfone De Mão Lyco Uh08mm Sem Fio Sistema Duplo Cor Preto,08,2024-04-10 17:37:41
Kit Com 10 Cuecas Boxer Lupo Oferta,10,2024-04-10 17:37:41
Kit Com 10 Cuecas Slip Algodão Zorba,10,2024-04-10 17:37:41
Chuteira Society Predator Club adidas Lançamento 2024,2024,2024-04-10 17:37:41
Tênis Masculino Esportivo Cyber 3 Olympikus,3,2024-04-10 17:37:41
Panela De Pressão WPPE1 Elétrica 6 Litros Com Painel Digital Cor Inox e Preto WAP 110V,1,2024-04-10 17:37:41
Tênis Esportivo Masculino Cyber 3 Preto E Dourado Olympikus ,3,2024-04-10 17:37:41
Mala De Viagem Rígida Média 360 4 Life 4 Sestini Cor Preto Lisa,360,2024-04-10 17:37:41
Dobradeira Estribo 3/8 10mm Manual Estribadeira Ferramenta,3,2024-04-10 17:37:41
Britânia Inox 15 Temp Preto CP15 De filtro,15,2024-04-10 17:37:41
Tênis De Corrida Masculino Charged Skyline 3 Se Under Armour,3,2024-04-10 17:37:41
Kit Com 5 Camisetas Básicas Masculina Hering,5,2024-04-10 17:37:41
Tênis Feminino Racer Tr23 adidas,23,2024-04-10 17:37:41
Aspirador De Pó Bas1295p 2 Em 1 1250w Preto Britânia 220V,1295,2024-04-10 17:37:41
Olympikus Ultraleve 130g Feminino Adultos,130,2024-04-10 17:37:41
Panela De Arroz Britânia Pa5 Prime Preta Cor Preto 127V,5,2024-04-10 17:37:41
Kit 10 Calcinhas Feminina Biquíni Microfibra Delrio Oferta,10,2024-04-10 17:37:41
Kit Com 10 Calcinhas Infantil Menina Cotton Miss Delrio,10,2024-04-10 17:37:41
Olympikus Ultraleve 130g Feminino Adultos,130,2024-04-10 17:37:41
Chuteira Society X Crazyfast Messi 4 adidas ,4,2024-04-10 17:37:41
Britânia Fritadeira Air Fryer BFR21P 4L 1500W 110v,21,2024-04-10 17:37:41
Caixa Amplificada Connect Lights Cm-400 Preta Mondial Bivolt Cor Preto 110V/220V,400,2024-04-10 17:37:41
"Monitor Gamer Ultrawide 25,7'' Ips Full Hd 26wq500-b LG","25,7",2024-04-10 17:37:41
Caixa Amplificada Connect Power Plus CM-550 Preto Mondial Bivolt,550,2024-04-10 17:37:41
Fritadeira Elétrica Airfry Family 4 Litros 1500w Wap 127v,4,2024-04-10 17:37:41
Chuteira Futsal Masculina Max 1000 Locker Ecoknit Penalty,1000,2024-04-10 17:37:41
Kit 12 Cuecas Masculinas Boxer Polo Wear,12,2024-04-10 17:37:41
Fritadeira Elétrica Wap Air Fryer Family 1500W 4 Litros 220V Preto Cinza e Champagne,1500,2024-04-10 17:37:41
Tênis De Basquete Masculino Jet 21 Under Armour,21,2024-04-10 17:37:41
Kit Com 10 Cuecas Slip Go Tagless Masculina Zorba,10,2024-04-10 17:37:41
Microfone De Mão Lyco Uh08mm Sem Fio Sistema Duplo Cor Preto,08,2024-04-10 17:37:41
Kit Com 10 Cuecas Boxer Lupo Oferta,10,2024-04-10 17:37:41
Kit Com 10 Cuecas Slip Algodão Zorba,10,2024-04-10 17:37:41
Chuteira Society Predator Club adidas Lançamento 2024,2024,2024-04-10 17:37:41
Tênis Masculino Esportivo Cyber 3 Olympikus,3,2024-04-10 17:37:41
Panela De Pressão WPPE1 Elétrica 6 Litros Com Painel Digital Cor Inox e Preto WAP 110V,1,2024-04-10 17:37:41
Tênis Esportivo Masculino Cyber 3 Preto E Dourado Olympikus ,3,2024-04-10 17:37:41
Mala De Viagem Rígida Média 360 4 Life 4 Sestini Cor Preto Lisa,360,2024-04-10 17:37:41
Dobradeira Estribo 3/8 10mm Manual Estribadeira Ferramenta,3,2024-04-10 17:37:41
Britânia Inox 15 Temp Preto CP15 De filtro,15,2024-04-10 17:37:41
Tênis De Corrida Masculino Charged Skyline 3 Se Under Armour,3,2024-04-10 17:37:41
Kit Com 5 Camisetas Básicas Masculina Hering,5,2024-04-10 17:37:41
Tênis Feminino Racer Tr23 adidas,23,2024-04-10 17:37:41
Aspirador De Pó Bas1295p 2 Em 1 1250w Preto Britânia 220V,1295,2024-04-10 17:37:41
Olympikus Ultraleve 130g Feminino Adultos,130,2024-04-10 17:37:41
Panela De Arroz Britânia Pa5 Prime Preta Cor Preto 127V,5,2024-04-10 17:37:41
Kit 10 Calcinhas Feminina Biquíni Microfibra Delrio Oferta,10,2024-04-10 17:37:41
Kit Com 10 Calcinhas Infantil Menina Cotton Miss Delrio,10,2024-04-10 17:37:41
Olympikus Ultraleve 130g Feminino Adultos,130,2024-04-10 17:37:41
Chuteira Society X Crazyfast Messi 4 adidas ,4,2024-04-10 17:37:41
Britânia Fritadeira Air Fryer BFR21P 4L 1500W 110v,21,2024-04-10 17:37:41
Caixa Amplificada Connect Lights Cm-400 Preta Mondial Bivolt Cor Preto 110V/220V,400,2024-04-10 17:37:41
"Monitor Gamer Ultrawide 25,7'' Ips Full Hd 26wq500-b LG","25,7",2024-04-10 17:37:41
Caixa Amplificada Connect Power Plus CM-550 Preto Mondial Bivolt,550,2024-04-10 17:37:41
Fritadeira Elétrica Airfry Family 4 Litros 1500w Wap 127v,4,2024-04-10 17:37:41
Chuteira Futsal Masculina Max 1000 Locker Ecoknit Penalty,1000,2024-04-10 17:37:41
Kit 12 Cuecas Masculinas Boxer Polo Wear,12,2024-04-10 17:37:41
Fritadeira Elétrica Wap Air Fryer Family 1500W 4 Litros 220V Preto Cinza e Champagne,1500,2024-04-10 17:37:41
Tênis De Basquete Masculino Jet 21 Under Armour,21,2024-04-10 17:37:41
Kit Com 10 Cuecas Slip Go Tagless Masculina Zorba,10,2024-04-10 17:37:41
Microfone De Mão Lyco Uh08mm Sem Fio Sistema Duplo Cor Preto,08,2024-04-10 17:37:41
Kit Com 10 Cuecas Boxer Lupo Oferta,10,2024-04-10 17:37:41
Kit Com 10 Cuecas Slip Algodão Zorba,10,2024-04-10 17:37:41
Chuteira Society Predator Club adidas Lançamento 2024,2024,2024-04-10 17:37:41
Tênis Masculino Esportivo Cyber 3 Olympikus,3,2024-04-10 17:37:41
Panela De Pressão WPPE1 Elétrica 6 Litros Com Painel Digital Cor Inox e Preto WAP 110V,1,2024-04-10 17:37:41
Tênis Esportivo Masculino Cyber 3 Preto E Dourado Olympikus ,3,2024-04-10 17:37:41
Mala De Viagem Rígida Média 360 4 Life 4 Sestini Cor Preto Lisa,360,2024-04-10 17:37:41
Dobradeira Estribo 3/8 10mm Manual Estribadeira Ferramenta,3,2024-04-10 17:37:41
Britânia Inox 15 Temp Preto CP15 De filtro,15,2024-04-10 17:37:41
Tênis De Corrida Masculino Charged Skyline 3 Se Under Armour,3,2024-04-10 17:37:41
Kit Com 5 Camisetas Básicas Masculina Hering,5,2024-04-10 17:37:41
Tênis Feminino Racer Tr23 adidas,23,2024-04-10 17:37:41
Aspirador De Pó Bas1295p 2 Em 1 1250w Preto Britânia 220V,1295,2024-04-10 17:37:41
Olympikus Ultraleve 130g Feminino Adultos,130,2024-04-10 17:37:41
Panela De Arroz Britânia Pa5 Prime Preta Cor Preto 127V,5,2024-04-10 17:37:41
Kit 10 Calcinhas Feminina Biquíni Microfibra Delrio Oferta,10,2024-04-10 17:37:41
Kit Com 10 Calcinhas Infantil Menina Cotton Miss Delrio,10,2024-04-10 17:37:41
Olympikus Ultraleve 130g Feminino Adultos,130,2024-04-10 17:37:41
Chuteira Society X Crazyfast Messi 4 adidas ,4,2024-04-10 17:37:41
Britânia Fritadeira Air Fryer BFR21P 4L 1500W 110v,21,2024-04-10 17:37:41
Caixa Amplificada Connect Lights Cm-400 Preta Mondial Bivolt Cor Preto 110V/220V,400,2024-04-10 17:37:41
"Monitor Gamer Ultrawide 25,7'' Ips Full Hd 26wq500-b LG","25,7",2024-04-10 17:37:41
Caixa Amplificada Connect Power Plus CM-550 Preto Mondial Bivolt,550,2024-04-10 17:37:41
Fritadeira Elétrica Airfry Family 4 Litros 1500w Wap 127v,4,2024-04-10 17:37:41
Chuteira Futsal Masculina Max 1000 Locker Ecoknit Penalty,1000,2024-04-10 17:37:41
Kit 12 Cuecas Masculinas Boxer Polo Wear,12,2024-04-10 17:37:41
Fritadeira Elétrica Wap Air Fryer Family 1500W 4 Litros 220V Preto Cinza e Champagne,1500,2024-04-10 17:37:41
Tênis De Basquete Masculino Jet 21 Under Armour,21,2024-04-10 17:37:41
Kit Com 10 Cuecas Slip Go Tagless Masculina Zorba,10,2024-04-10 17:37:41
Microfone De Mão Lyco Uh08mm Sem Fio Sistema Duplo Cor Preto,08,2024-04-10 17:37:41
Kit Com 10 Cuecas Boxer Lupo Oferta,10,2024-04-10 17:37:41
Kit Com 10 Cuecas Slip Algodão Zorba,10,2024-04-10 17:37:41
Chuteira Society Predator Club adidas Lançamento 2024,2024,2024-04-10 17:37:41
Tênis Masculino Esportivo Cyber 3 Olympikus,3,2024-04-10 17:37:41
Panela De Pressão WPPE1 Elétrica 6 Litros Com Painel Digital Cor Inox e Preto WAP 110V,1,2024-04-10 17:37:41
Tênis Esportivo Masculino Cyber 3 Preto E Dourado Olympikus ,3,2024-04-10 17:37:41
Mala De Viagem Rígida Média 360 4 Life 4 Sestini Cor Preto Lisa,360,2024-04-10 17:37:41
Dobradeira Estribo 3/8 10mm Manual Estribadeira Ferramenta,3,2024-04-10 17:37:41
Britânia Inox 15 Temp Preto CP15 De filtro,15,2024-04-10 17:37:41
Tênis De Corrida Masculino Charged Skyline 3 Se Under Armour,3,2024-04-10 17:37:41
Kit Com 5 Camisetas Básicas Masculina Hering,5,2024-04-10 17:37:41
Tênis Feminino Racer Tr23 adidas,23,2024-04-10 17:37:41
Aspirador De Pó Bas1295p 2 Em 1 1250w Preto Britânia 220V,1295,2024-04-10 17:37:41
Olympikus Ultraleve 130g Feminino Adultos,130,2024-04-10 17:37:41
Panela De Arroz Britânia Pa5 Prime Preta Cor Preto 127V,5,2024-04-10 17:37:41
Kit 10 Calcinhas Feminina Biquíni Microfibra Delrio Oferta,10,2024-04-10 17:37:41
Kit Com 10 Calcinhas Infantil Menina Cotton Miss Delrio,10,2024-04-10 17:37:41
Olympikus Ultraleve 130g Feminino Adultos,130,2024-04-10 17:37:41
Chuteira Society X Crazyfast Messi 4 adidas ,4,2024-04-10 17:37:41
Britânia Fritadeira Air Fryer BFR21P 4L 1500W 110v,21,2024-04-10 17:37:41
Caixa Amplificada Connect Lights Cm-400 Preta Mondial Bivolt Cor Preto 110V/220V,400,2024-04-10 17:37:41
"Monitor Gamer Ultrawide 25,7'' Ips Full Hd 26wq500-b LG","25,7",2024-04-10 17:37:41
Caixa Amplificada Connect Power Plus CM-550 Preto Mondial Bivolt,550,2024-04-10 17:37:41
Fritadeira Elétrica Airfry Family 4 Litros 1500w Wap 127v,4,2024-04-10 17:37:41
Chuteira Futsal Masculina Max 1000 Locker Ecoknit Penalty,1000,2024-04-10 17:37:41
Kit 12 Cuecas Masculinas Boxer Polo Wear,12,2024-04-10 17:37:41
Fritadeira Elétrica Wap Air Fryer Family 1500W 4 Litros 220V Preto Cinza e Champagne,1500,2024-04-10 17:37:41
Tênis De Basquete Masculino Jet 21 Under Armour,21,2024-04-10 17:37:41
Kit Com 10 Cuecas Slip Go Tagless Masculina Zorba,10,2024-04-10 17:37:41
Microfone De Mão Lyco Uh08mm Sem Fio Sistema Duplo Cor Preto,08,2024-04-10 17:37:41
Kit Com 10 Cuecas Boxer Lupo Oferta,10,2024-04-10 17:37:41
Kit Com 10 Cuecas Slip Algodão Zorba,10,2024-04-10 17:37:41
Chuteira Society Predator Club adidas Lançamento 2024,2024,2024-04-10 17:37:41
Tênis Masculino Esportivo Cyber 3 Olympikus,3,2024-04-10 17:37:41
Panela De Pressão WPPE1 Elétrica 6 Litros Com Painel Digital Cor Inox e Preto WAP 110V,1,2024-04-10 17:37:41
Tênis Esportivo Masculino Cyber 3 Preto E Dourado Olympikus ,3,2024-04-10 17:37:41
Mala De Viagem Rígida Média 360 4 Life 4 Sestini Cor Preto Lisa,360,2024-04-10 17:37:41
Dobradeira Estribo 3/8 10mm Manual Estribadeira Ferramenta,3,2024-04-10 17:37:41
Britânia Inox 15 Temp Preto CP15 De filtro,15,2024-04-10 17:37:41
Tênis De Corrida Masculino Charged Skyline 3 Se Under Armour,3,2024-04-10 17:37:41
Kit Com 5 Camisetas Básicas Masculina Hering,5,2024-04-10 17:37:41
Tênis Feminino Racer Tr23 adidas,23,2024-04-10 17:37:41
Aspirador De Pó Bas1295p 2 Em 1 1250w Preto Britânia 220V,1295,2024-04-10 17:37:41
Olympikus Ultraleve 130g Feminino Adultos,130,2024-04-10 17:37:41
Panela De Arroz Britânia Pa5 Prime Preta Cor Preto 127V,5,2024-04-10 17:37:41
Kit 10 Calcinhas Feminina Biquíni Microfibra Delrio Oferta,10,2024-04-10 17:37:41
Kit Com 10 Calcinhas Infantil Menina Cotton Miss Delrio,10,2024-04-10 17:37:41
Olympikus Ultraleve 130g Feminino Adultos,130,2024-04-10 17:37:41
Chuteira Society X Crazyfast Messi 4 adidas ,4,2024-04-10 17:37:41
Britânia Fritadeira Air Fryer BFR21P 4L 1500W 110v,21,2024-04-10 17:37:41
Caixa Amplificada Connect Lights Cm-400 Preta Mondial Bivolt Cor Preto 110V/220V,400,2024-04-10 17:37:41
"Monitor Gamer Ultrawide 25,7'' Ips Full Hd 26wq500-b LG","25,7",2024-04-10 17:37:41
Caixa Amplificada Connect Power Plus CM-550 Preto Mondial Bivolt,550,2024-04-10 17:37:41
Fritadeira Elétrica Airfry Family 4 Litros 1500w Wap 127v,4,2024-04-10 17:37:41
Chuteira Futsal Masculina Max 1000 Locker Ecoknit Penalty,1000,2024-04-10 17:37:41
Kit 12 Cuecas Masculinas Boxer Polo Wear,12,2024-04-10 17:37:41
Fritadeira Elétrica Wap Air Fryer Family 1500W 4 Litros 220V Preto Cinza e Champagne,1500,2024-04-10 17:37:41
Tênis De Basquete Masculino Jet 21 Under Armour,21,2024-04-10 17:37:41
Kit Com 10 Cuecas Slip Go Tagless Masculina Zorba,10,2024-04-10 17:37:41
Microfone De Mão Lyco Uh08mm Sem Fio Sistema Duplo Cor Preto,08,2024-04-10 17:37:41
Kit Com 10 Cuecas Boxer Lupo Oferta,10,2024-04-10 17:37:41
Kit Com 10 Cuecas Slip Algodão Zorba,10,2024-04-10 17:37:41
Chuteira Society Predator Club adidas Lançamento 2024,2024,2024-04-10 17:37:41
Tênis Masculino Esportivo Cyber 3 Olympikus,3,2024-04-10 17:37:41
Panela De Pressão WPPE1 Elétrica 6 Litros Com Painel Digital Cor Inox e Preto WAP 110V,1,2024-04-10 17:37:41
Tênis Esportivo Masculino Cyber 3 Preto E Dourado Olympikus ,3,2024-04-10 17:37:41
Mala De Viagem Rígida Média 360 4 Life 4 Sestini Cor Preto Lisa,360,2024-04-10 17:37:41
Dobradeira Estribo 3/8 10mm Manual Estribadeira Ferramenta,3,2024-04-10 17:37:41
Britânia Inox 15 Temp Preto CP15 De filtro,15,2024-04-10 17:37:41
Tênis De Corrida Masculino Charged Skyline 3 Se Under Armour,3,2024-04-10 17:37:41
Kit Com 5 Camisetas Básicas Masculina Hering,5,2024-04-10 17:37:41
Tênis Feminino Racer Tr23 adidas,23,2024-04-10 17:37:41
Aspirador De Pó Bas1295p 2 Em 1 1250w Preto Britânia 220V,1295,2024-04-10 17:37:41
Olympikus Ultraleve 130g Feminino Adultos,130,2024-04-10 17:37:41
Panela De Arroz Britânia Pa5 Prime Preta Cor Preto 127V,5,2024-04-10 17:37:41
Kit 10 Calcinhas Feminina Biquíni Microfibra Delrio Oferta,10,2024-04-10 17:37:41
Kit Com 10 Calcinhas Infantil Menina Cotton Miss Delrio,10,2024-04-10 17:37:41
Olympikus Ultraleve 130g Feminino Adultos,130,2024-04-10 17:37:41
Chuteira Society X Crazyfast Messi 4 adidas ,4,2024-04-10 17:37:41
Britânia Fritadeira Air Fryer BFR21P 4L 1500W 110v,21,2024-04-10 17:37:41
Caixa Amplificada Connect Lights Cm-400 Preta Mondial Bivolt Cor Preto 110V/220V,400,2024-04-10 17:37:41
"Monitor Gamer Ultrawide 25,7'' Ips Full Hd 26wq500-b LG","25,7",2024-04-10 17:37:41
Caixa Amplificada Connect Power Plus CM-550 Preto Mondial Bivolt,550,2024-04-10 17:37:41
Fritadeira Elétrica Airfry Family 4 Litros 1500w Wap 127v,4,2024-04-10 17:37:41
Chuteira Futsal Masculina Max 1000 Locker Ecoknit Penalty,1000,2024-04-10 17:37:41
Kit 12 Cuecas Masculinas Boxer Polo Wear,12,2024-04-10 17:37:41
Fritadeira Elétrica Wap Air Fryer Family 1500W 4 Litros 220V Preto Cinza e Champagne,1500,2024-04-10 17:37:41
Tênis De Basquete Masculino Jet 21 Under Armour,21,2024-04-10 17:37:41
Kit Com 10 Cuecas Slip Go Tagless Masculina Zorba,10,2024-04-10 17:37:41
Microfone De Mão Lyco Uh08mm Sem Fio Sistema Duplo Cor Preto,08,2024-04-10 17:37:41
Kit Com 10 Cuecas Boxer Lupo Oferta,10,2024-04-10 17:37:41
Kit Com 10 Cuecas Slip Algodão Zorba,10,2024-04-10 17:37:41
Chuteira Society Predator Club adidas Lançamento 2024,2024,2024-04-10 17:37:41
Tênis Masculino Esportivo Cyber 3 Olympikus,3,2024-04-10 17:37:41
Panela De Pressão WPPE1 Elétrica 6 Litros Com Painel Digital Cor Inox e Preto WAP 110V,1,2024-04-10 17:37:41
Tênis Esportivo Masculino Cyber 3 Preto E Dourado Olympikus ,3,2024-04-10 17:37:41
Mala De Viagem Rígida Média 360 4 Life 4 Sestini Cor Preto Lisa,360,2024-04-10 17:37:41
Dobradeira Estribo 3/8 10mm Manual Estribadeira Ferramenta,3,2024-04-10 17:37:41
Britânia Inox 15 Temp Preto CP15 De filtro,15,2024-04-10 17:37:41
Tênis De Corrida Masculino Charged Skyline 3 Se Under Armour,3,2024-04-10 17:37:41
Kit Com 5 Camisetas Básicas Masculina Hering,5,2024-04-10 17:37:41
Tênis Feminino Racer Tr23 adidas,23,2024-04-10 17:37:41
Aspirador De Pó Bas1295p 2 Em 1 1250w Preto Britânia 220V,1295,2024-04-10 17:37:41
Olympikus Ultraleve 130g Feminino Adultos,130,2024-04-10 17:37:41
Panela De Arroz Britânia Pa5 Prime Preta Cor Preto 127V,5,2024-04-10 17:37:41
Kit 10 Calcinhas Feminina Biquíni Microfibra Delrio Oferta,10,2024-04-10 17:37:41
Kit Com 10 Calcinhas Infantil Menina Cotton Miss Delrio,10,2024-04-10 17:37:41
Olympikus Ultraleve 130g Feminino Adultos,130,2024-04-10 17:37:41
Chuteira Society X Crazyfast Messi 4 adidas ,4,2024-04-10 17:37:41
Britânia Fritadeira Air Fryer BFR21P 4L 1500W 110v,21,2024-04-10 17:37:41
Caixa Amplificada Connect Lights Cm-400 Preta Mondial Bivolt Cor Preto 110V/220V,400,2024-04-10 17:37:41
"Monitor Gamer Ultrawide 25,7'' Ips Full Hd 26wq500-b LG","25,7",2024-04-10 17:37:41
Caixa Amplificada Connect Power Plus CM-550 Preto Mondial Bivolt,550,2024-04-10 17:37:41
Fritadeira Elétrica Airfry Family 4 Litros 1500w Wap 127v,4,2024-04-10 17:37:41
Chuteira Futsal Masculina Max 1000 Locker Ecoknit Penalty,1000,2024-04-10 17:37:41
Kit 12 Cuecas Masculinas Boxer Polo Wear,12,2024-04-10 17:37:41
Fritadeira Elétrica Wap Air Fryer Family 1500W 4 Litros 220V Preto Cinza e Champagne,1500,2024-04-10 17:37:41
Tênis De Basquete Masculino Jet 21 Under Armour,21,2024-04-10 17:37:41
Kit Com 10 Cuecas Slip Go Tagless Masculina Zorba,10,2024-04-10 17:37:41
Microfone De Mão Lyco Uh08mm Sem Fio Sistema Duplo Cor Preto,08,2024-04-10 17:37:41
Kit Com 10 Cuecas Boxer Lupo Oferta,10,2024-04-10 17:37:41
Kit Com 10 Cuecas Slip Algodão Zorba,10,2024-04-10 17:37:41
Chuteira Society Predator Club adidas Lançamento 2024,2024,2024-04-10 17:37:41
Tênis Masculino Esportivo Cyber 3 Olympikus,3,2024-04-10 17:37:41
Panela De Pressão WPPE1 Elétrica 6 Litros Com Painel Digital Cor Inox e Preto WAP 110V,1,2024-04-10 17:37:41
Tênis Esportivo Masculino Cyber 3 Preto E Dourado Olympikus ,3,2024-04-10 17:37:41
Mala De Viagem Rígida Média 360 4 Life 4 Sestini Cor Preto Lisa,360,2024-04-10 17:37:41
Dobradeira Estribo 3/8 10mm Manual Estribadeira Ferramenta,3,2024-04-10 17:37:41
Britânia Inox 15 Temp Preto CP15 De filtro,15,2024-04-10 17:37:41
Tênis De Corrida Masculino Charged Skyline 3 Se Under Armour,3,2024-04-10 17:37:41
Kit Com 5 Camisetas Básicas Masculina Hering,5,2024-04-10 17:37:41
Tênis Feminino Racer Tr23 adidas,23,2024-04-10 17:37:41
Aspirador De Pó Bas1295p 2 Em 1 1250w Preto Britânia 220V,1295,2024-04-10 17:37:41
Olympikus Ultraleve 130g Feminino Adultos,130,2024-04-10 17:37:41
Panela De Arroz Britânia Pa5 Prime Preta Cor Preto 127V,5,2024-04-10 17:37:41
Kit 10 Calcinhas Feminina Biquíni Microfibra Delrio Oferta,10,2024-04-10 17:37:41
Kit Com 10 Calcinhas Infantil Menina Cotton Miss Delrio,10,2024-04-10 17:37:41
Olympikus Ultraleve 130g Feminino Adultos,130,2024-04-10 17:37:41
Chuteira Society X Crazyfast Messi 4 adidas ,4,2024-04-10 17:37:41
Britânia Fritadeira Air Fryer BFR21P 4L 1500W 110v,21,2024-04-10 17:37:41
Caixa Amplificada Connect Lights Cm-400 Preta Mondial Bivolt Cor Preto 110V/220V,400,2024-04-10 17:37:41
"Monitor Gamer Ultrawide 25,7'' Ips Full Hd 26wq500-b LG","25,7",2024-04-10 17:37:41
Caixa Amplificada Connect Power Plus CM-550 Preto Mondial Bivolt,550,2024-04-10 17:37:41
Fritadeira Elétrica Airfry Family 4 Litros 1500w Wap 127v,4,2024-04-10 17:37:41
Chuteira Futsal Masculina Max 1000 Locker Ecoknit Penalty,1000,2024-04-10 17:37:41
Kit 12 Cuecas Masculinas Boxer Polo Wear,12,2024-04-10 17:37:41
Fritadeira Elétrica Wap Air Fryer Family 1500W 4 Litros 220V Preto Cinza e Champagne,1500,2024-04-10 17:37:41
Tênis De Basquete Masculino Jet 21 Under Armour,21,2024-04-10 17:37:41
Kit Com 10 Cuecas Slip Go Tagless Masculina Zorba,10,2024-04-10 17:37:41
Microfone De Mão Lyco Uh08mm Sem Fio Sistema Duplo Cor Preto,08,2024-04-10 17:37:41
Kit Com 10 Cuecas Boxer Lupo Oferta,10,2024-04-10 17:37:41
Kit Com 10 Cuecas Slip Algodão Zorba,10,2024-04-10 17:37:41
Chuteira Society Predator Club adidas Lançamento 2024,2024,2024-04-10 17:37:41
Tênis Masculino Esportivo Cyber 3 Olympikus,3,2024-04-10 17:37:41
Panela De Pressão WPPE1 Elétrica 6 Litros Com Painel Digital Cor Inox e Preto WAP 110V,1,2024-04-10 17:37:41
Tênis Esportivo Masculino Cyber 3 Preto E Dourado Olympikus ,3,2024-04-10 17:37:41
Mala De Viagem Rígida Média 360 4 Life 4 Sestini Cor Preto Lisa,360,2024-04-10 17:37:41
Dobradeira Estribo 3/8 10mm Manual Estribadeira Ferramenta,3,2024-04-10 17:37:41
Britânia Inox 15 Temp Preto CP15 De filtro,15,2024-04-10 17:37:41
Tênis De Corrida Masculino Charged Skyline 3 Se Under Armour,3,2024-04-10 17:37:41
Kit Com 5 Camisetas Básicas Masculina Hering,5,2024-04-10 17:37:41
Tênis Feminino Racer Tr23 adidas,23,2024-04-10 17:37:41
Aspirador De Pó Bas1295p 2 Em 1 1250w Preto Britânia 220V,1295,2024-04-10 17:37:41
Olympikus Ultraleve 130g Feminino Adultos,130,2024-04-10 17:37:41
Panela De Arroz Britânia Pa5 Prime Preta Cor Preto 127V,5,2024-04-10 17:37:41
Kit 10 Calcinhas Feminina Biquíni Microfibra Delrio Oferta,10,2024-04-10 17:37:41
Kit Com 10 Calcinhas Infantil Menina Cotton Miss Delrio,10,2024-04-10 17:37:41
Olympikus Ultraleve 130g Feminino Adultos,130,2024-04-10 17:37:41
Chuteira Society X Crazyfast Messi 4 adidas ,4,2024-04-10 17:37:41
Britânia Fritadeira Air Fryer BFR21P 4L 1500W 110v,21,2024-04-10 17:37:41
Caixa Amplificada Connect Lights Cm-400 Preta Mondial Bivolt Cor Preto 110V/220V,400,2024-04-10 17:37:41
"Monitor Gamer Ultrawide 25,7'' Ips Full Hd 26wq500-b LG","25,7",2024-04-10 17:37:41
Caixa Amplificada Connect Power Plus CM-550 Preto Mondial Bivolt,550,2024-04-10 17:37:41
Fritadeira Elétrica Airfry Family 4 Litros 1500w Wap 127v,4,2024-04-10 17:37:41
Chuteira Futsal Masculina Max 1000 Locker Ecoknit Penalty,1000,2024-04-10 17:37:41
Kit 12 Cuecas Masculinas Boxer Polo Wear,12,2024-04-10 17:37:41
Fritadeira Elétrica Wap Air Fryer Family 1500W 4 Litros 220V Preto Cinza e Champagne,1500,2024-04-10 17:37:41
Tênis De Basquete Masculino Jet 21 Under Armour,21,2024-04-10 17:37:41
Kit Com 10 Cuecas Slip Go Tagless Masculina Zorba,10,2024-04-10 17:37:41
Microfone De Mão Lyco Uh08mm Sem Fio Sistema Duplo Cor Preto,08,2024-04-10 17:37:41
Kit Com 10 Cuecas Boxer Lupo Oferta,10,2024-04-10 17:37:41
Kit Com 10 Cuecas Slip Algodão Zorba,10,2024-04-10 17:37:41
Chuteira Society Predator Club adidas Lançamento 2024,2024,2024-04-10 17:37:41
Tênis Masculino Esportivo Cyber 3 Olympikus,3,2024-04-10 17:37:41
Panela De Pressão WPPE1 Elétrica 6 Litros Com Painel Digital Cor Inox e Preto WAP 110V,1,2024-04-10 17:37:41
Tênis Esportivo Masculino Cyber 3 Preto E Dourado Olympikus ,3,2024-04-10 17:37:41
Mala De Viagem Rígida Média 360 4 Life 4 Sestini Cor Preto Lisa,360,2024-04-10 17:37:41
Dobradeira Estribo 3/8 10mm Manual Estribadeira Ferramenta,3,2024-04-10 17:37:41
Britânia Inox 15 Temp Preto CP15 De filtro,15,2024-04-10 17:37:41
Tênis De Corrida Masculino Charged Skyline 3 Se Under Armour,3,2024-04-10 17:37:41
Kit Com 5 Camisetas Básicas Masculina Hering,5,2024-04-10 17:37:41
Tênis Feminino Racer Tr23 adidas,23,2024-04-10 17:37:41
Aspirador De Pó Bas1295p 2 Em 1 1250w Preto Britânia 220V,1295,2024-04-10 17:37:41
Olympikus Ultraleve 130g Feminino Adultos,130,2024-04-10 17:37:41
Panela De Arroz Britânia Pa5 Prime Preta Cor Preto 127V,5,2024-04-10 17:37:41
Kit 10 Calcinhas Feminina Biquíni Microfibra Delrio Oferta,10,2024-04-10 17:37:41
Kit Com 10 Calcinhas Infantil Menina Cotton Miss Delrio,10,2024-04-10 17:37:41
Olympikus Ultraleve 130g Feminino Adultos,130,2024-04-10 17:37:41
Chuteira Society X Crazyfast Messi 4 adidas ,4,2024-04-10 17:37:41
Britânia Fritadeira Air Fryer BFR21P 4L 1500W 110v,21,2024-04-10 17:37:41
